token_index,token,token_hi,token_lo,syllable,unicode,frequency,source_rows,initial,medial,final,initial_index,medial_index,final_index,composition_payload,hanme_initial_slot,hanme_medial_slot,hanme_final_slot,font_components_nonempty,source
4,F044,F0,44,가,U+AC00,9,9,ㄱ,ㅏ,,0,0,0,0x0000,1,161,,yes,translation-csv
5,F045,F0,45,감,U+AC10,3,3,ㄱ,ㅏ,ㅁ,0,0,16,0x0010,101,205,264,yes,translation-csv
6,F046,F0,46,갔,U+AC14,1,1,ㄱ,ㅏ,ㅆ,0,0,20,0x0014,101,205,268,yes,translation-csv
7,F047,F0,47,개,U+AC1C,4,4,ㄱ,ㅐ,,0,1,0,0x0020,1,162,,yes,translation-csv
8,F048,F0,48,거,U+AC70,2,2,ㄱ,ㅓ,,0,4,0,0x0080,1,165,,yes,translation-csv
9,F049,F0,49,건,U+AC74,1,1,ㄱ,ㅓ,ㄴ,0,4,4,0x0084,101,209,280,yes,translation-csv
10,F04A,F0,4A,것,U+AC83,3,3,ㄱ,ㅓ,ㅅ,0,4,19,0x0093,101,209,295,yes,translation-csv
11,F04B,F0,4B,게,U+AC8C,3,3,ㄱ,ㅔ,,0,5,0,0x00A0,1,166,,yes,translation-csv
12,F04C,F0,4C,겨,U+ACA8,1,1,ㄱ,ㅕ,,0,6,0,0x00C0,1,167,,yes,translation-csv
13,F04D,F0,4D,격,U+ACA9,4,4,ㄱ,ㅕ,ㄱ,0,6,1,0x00C1,101,211,277,yes,translation-csv
14,F04E,F0,4E,계,U+ACC4,2,2,ㄱ,ㅖ,,0,7,0,0x00E0,1,168,,yes,translation-csv
15,F04F,F0,4F,고,U+ACE0,7,6,ㄱ,ㅗ,,0,8,0,0x0100,21,169,,yes,translation-csv
16,F050,F0,50,공,U+ACF5,4,4,ㄱ,ㅗ,ㅇ,0,8,21,0x0115,121,213,353,yes,translation-csv
17,F051,F0,51,과,U+ACFC,2,2,ㄱ,ㅘ,,0,9,0,0x0120,61,170,,yes,translation-csv
18,F052,F0,52,관,U+AD00,2,2,ㄱ,ㅘ,ㄴ,0,9,4,0x0124,141,214,252,yes,translation-csv
19,F053,F0,53,괴,U+AD34,1,1,ㄱ,ㅚ,,0,11,0,0x0160,61,172,,yes,translation-csv
20,F054,F0,54,구,U+AD6C,2,2,ㄱ,ㅜ,,0,13,0,0x01A0,41,174,,yes,translation-csv
21,F055,F0,55,군,U+AD70,1,1,ㄱ,ㅜ,ㄴ,0,13,4,0x01A4,121,218,336,yes,translation-csv
22,F056,F0,56,굳,U+AD73,0,0,ㄱ,ㅜ,ㄷ,0,13,7,0x01A7,121,218,339,yes,previous-table-retained
23,F057,F0,57,권,U+AD8C,1,1,ㄱ,ㅝ,ㄴ,0,14,4,0x01C4,141,219,280,yes,translation-csv
24,F058,F0,58,규,U+ADDC,1,1,ㄱ,ㅠ,,0,17,0,0x0220,41,178,,yes,translation-csv
25,F059,F0,59,그,U+ADF8,5,4,ㄱ,ㅡ,,0,18,0,0x0240,21,179,,yes,translation-csv
26,F05A,F0,5A,금,U+AE08,1,1,ㄱ,ㅡ,ㅁ,0,18,16,0x0250,121,223,348,yes,translation-csv
27,F05B,F0,5B,급,U+AE09,2,2,ㄱ,ㅡ,ㅂ,0,18,17,0x0251,121,223,349,yes,translation-csv
28,F05C,F0,5C,기,U+AE30,10,9,ㄱ,ㅣ,,0,20,0,0x0280,1,181,,yes,translation-csv
29,F05D,F0,5D,까,U+AE4C,2,2,ㄲ,ㅏ,,1,0,0,0x0400,2,183,,yes,translation-csv
30,F05E,F0,5E,끝,U+B05D,2,2,ㄲ,ㅡ,ㅌ,1,18,25,0x0659,122,245,357,yes,translation-csv
31,F05F,F0,5F,낀,U+B080,1,1,ㄲ,ㅣ,ㄴ,1,20,4,0x0684,102,247,280,yes,translation-csv
32,F060,F0,60,나,U+B098,6,6,ㄴ,ㅏ,,2,0,0,0x0800,3,183,,yes,translation-csv
33,F061,F0,61,날,U+B0A0,1,1,ㄴ,ㅏ,ㄹ,2,0,8,0x0808,103,227,256,yes,translation-csv
34,F062,F0,62,났,U+B0AC,2,2,ㄴ,ㅏ,ㅆ,2,0,20,0x0814,103,227,268,yes,translation-csv
35,F063,F0,63,내,U+B0B4,1,1,ㄴ,ㅐ,,2,1,0,0x0820,3,184,,yes,translation-csv
36,F064,F0,64,넘,U+B118,1,1,ㄴ,ㅓ,ㅁ,2,4,16,0x0890,103,231,292,yes,translation-csv
37,F065,F0,65,네,U+B124,2,2,ㄴ,ㅔ,,2,5,0,0x08A0,3,188,,yes,translation-csv
38,F066,F0,66,년,U+B144,3,3,ㄴ,ㅕ,ㄴ,2,6,4,0x08C4,103,233,280,yes,translation-csv
39,F067,F0,67,논,U+B17C,1,1,ㄴ,ㅗ,ㄴ,2,8,4,0x0904,123,235,336,yes,translation-csv
40,F068,F0,68,느,U+B290,2,2,ㄴ,ㅡ,,2,18,0,0x0A40,23,201,,yes,translation-csv
41,F069,F0,69,는,U+B294,12,11,ㄴ,ㅡ,ㄴ,2,18,4,0x0A44,123,245,336,yes,translation-csv
42,F06A,F0,6A,능,U+B2A5,3,3,ㄴ,ㅡ,ㅇ,2,18,21,0x0A55,123,245,353,yes,translation-csv
43,F06B,F0,6B,니,U+B2C8,1,1,ㄴ,ㅣ,,2,20,0,0x0A80,3,203,,yes,translation-csv
44,F06C,F0,6C,다,U+B2E4,20,20,ㄷ,ㅏ,,3,0,0,0x0C00,4,183,,yes,translation-csv
45,F06D,F0,6D,대,U+B300,4,3,ㄷ,ㅐ,,3,1,0,0x0C20,4,184,,yes,translation-csv
46,F06E,F0,6E,더,U+B354,1,1,ㄷ,ㅓ,,3,4,0,0x0C80,4,187,,yes,translation-csv
47,F06F,F0,6F,던,U+B358,1,1,ㄷ,ㅓ,ㄴ,3,4,4,0x0C84,104,231,280,yes,translation-csv
48,F070,F0,70,데,U+B370,1,1,ㄷ,ㅔ,,3,5,0,0x0CA0,4,188,,yes,translation-csv
49,F071,F0,71,도,U+B3C4,2,2,ㄷ,ㅗ,,3,8,0,0x0D00,24,191,,yes,translation-csv
1,F041,F0,41,동,U+B3D9,1,1,ㄷ,ㅗ,ㅇ,3,8,21,0x0D15,124,235,353,yes,translation-csv
50,F072,F0,72,되,U+B418,4,4,ㄷ,ㅚ,,3,11,0,0x0D60,64,194,,yes,translation-csv
51,F073,F0,73,된,U+B41C,2,2,ㄷ,ㅚ,ㄴ,3,11,4,0x0D64,144,238,280,yes,translation-csv
52,F074,F0,74,드,U+B4DC,1,1,ㄷ,ㅡ,,3,18,0,0x0E40,24,201,,yes,translation-csv
53,F075,F0,75,든,U+B4E0,2,2,ㄷ,ㅡ,ㄴ,3,18,4,0x0E44,124,245,336,yes,translation-csv
54,F076,F0,76,듭,U+B4ED,1,1,ㄷ,ㅡ,ㅂ,3,18,17,0x0E51,124,245,349,yes,translation-csv
55,F077,F0,77,등,U+B4F1,1,1,ㄷ,ㅡ,ㅇ,3,18,21,0x0E55,124,245,353,yes,translation-csv
210,F156,F1,56,때,U+B54C,1,1,ㄸ,ㅐ,,4,1,0,0x1020,5,184,,yes,translation-csv
56,F078,F0,78,라,U+B77C,3,3,ㄹ,ㅏ,,5,0,0,0x1400,6,183,,yes,translation-csv
57,F079,F0,79,래,U+B798,3,3,ㄹ,ㅐ,,5,1,0,0x1420,6,184,,yes,translation-csv
58,F07A,F0,7A,램,U+B7A8,1,1,ㄹ,ㅐ,ㅁ,5,1,16,0x1430,106,228,320,yes,translation-csv
59,F07B,F0,7B,러,U+B7EC,2,2,ㄹ,ㅓ,,5,4,0,0x1480,6,187,,yes,translation-csv
60,F07C,F0,7C,력,U+B825,2,2,ㄹ,ㅕ,ㄱ,5,6,1,0x14C1,106,233,277,yes,translation-csv
61,F07D,F0,7D,렬,U+B82C,1,1,ㄹ,ㅕ,ㄹ,5,6,8,0x14C8,106,233,284,yes,translation-csv
62,F07E,F0,7E,령,U+B839,1,1,ㄹ,ㅕ,ㅇ,5,6,21,0x14D5,106,233,297,yes,translation-csv
63,F080,F0,80,례,U+B840,1,1,ㄹ,ㅖ,,5,7,0,0x14E0,6,190,,yes,translation-csv
64,F081,F0,81,로,U+B85C,12,10,ㄹ,ㅗ,,5,8,0,0x1500,26,191,,yes,translation-csv
65,F082,F0,82,론,U+B860,1,1,ㄹ,ㅗ,ㄴ,5,8,4,0x1504,126,235,336,yes,translation-csv
66,F083,F0,83,루,U+B8E8,4,4,ㄹ,ㅜ,,5,13,0,0x15A0,46,196,,yes,translation-csv
67,F084,F0,84,류,U+B958,7,7,ㄹ,ㅠ,,5,17,0,0x1620,46,200,,yes,translation-csv
68,F085,F0,85,를,U+B97C,6,6,ㄹ,ㅡ,ㄹ,5,18,8,0x1648,126,245,340,yes,translation-csv
69,F086,F0,86,리,U+B9AC,3,3,ㄹ,ㅣ,,5,20,0,0x1680,6,203,,yes,translation-csv
70,F087,F0,87,린,U+B9B0,1,1,ㄹ,ㅣ,ㄴ,5,20,4,0x1684,106,247,280,yes,translation-csv
71,F088,F0,88,립,U+B9BD,1,1,ㄹ,ㅣ,ㅂ,5,20,17,0x1691,106,247,293,yes,translation-csv
72,F089,F0,89,마,U+B9C8,1,1,ㅁ,ㅏ,,6,0,0,0x1800,7,183,,yes,translation-csv
73,F08A,F0,8A,맞,U+B9DE,1,1,ㅁ,ㅏ,ㅈ,6,0,22,0x1816,107,227,270,yes,translation-csv
74,F08B,F0,8B,맡,U+B9E1,1,1,ㅁ,ㅏ,ㅌ,6,0,25,0x1819,107,227,273,yes,translation-csv
75,F08C,F0,8C,며,U+BA70,1,1,ㅁ,ㅕ,,6,6,0,0x18C0,7,189,,yes,translation-csv
76,F08D,F0,8D,면,U+BA74,2,2,ㅁ,ㅕ,ㄴ,6,6,4,0x18C4,107,233,280,yes,translation-csv
77,F08E,F0,8E,멸,U+BA78,1,1,ㅁ,ㅕ,ㄹ,6,6,8,0x18C8,107,233,284,yes,translation-csv
78,F08F,F0,8F,명,U+BA85,1,1,ㅁ,ㅕ,ㅇ,6,6,21,0x18D5,107,233,297,yes,translation-csv
79,F090,F0,90,모,U+BAA8,3,3,ㅁ,ㅗ,,6,8,0,0x1900,27,191,,yes,translation-csv
80,F091,F0,91,못,U+BABB,1,1,ㅁ,ㅗ,ㅅ,6,8,19,0x1913,127,235,351,yes,translation-csv
81,F092,F0,92,무,U+BB34,4,4,ㅁ,ㅜ,,6,13,0,0x19A0,47,196,,yes,translation-csv
82,F093,F0,93,문,U+BB38,1,1,ㅁ,ㅜ,ㄴ,6,13,4,0x19A4,127,240,336,yes,translation-csv
83,F094,F0,94,미,U+BBF8,6,6,ㅁ,ㅣ,,6,20,0,0x1A80,7,203,,yes,translation-csv
211,F157,F1,57,믿,U+BBFF,1,1,ㅁ,ㅣ,ㄷ,6,20,7,0x1A87,107,247,283,yes,translation-csv
84,F095,F0,95,및,U+BC0F,1,1,ㅁ,ㅣ,ㅊ,6,20,23,0x1A97,107,247,299,yes,translation-csv
85,F096,F0,96,밖,U+BC16,1,1,ㅂ,ㅏ,ㄲ,7,0,2,0x1C02,108,227,250,yes,translation-csv
86,F097,F0,97,발,U+BC1C,3,3,ㅂ,ㅏ,ㄹ,7,0,8,0x1C08,108,227,256,yes,translation-csv
87,F098,F0,98,방,U+BC29,1,1,ㅂ,ㅏ,ㅇ,7,0,21,0x1C15,108,227,269,yes,translation-csv
88,F099,F0,99,버,U+BC84,1,1,ㅂ,ㅓ,,7,4,0,0x1C80,8,187,,yes,translation-csv
89,F09A,F0,9A,번,U+BC88,1,1,ㅂ,ㅓ,ㄴ,7,4,4,0x1C84,108,231,280,yes,translation-csv
90,F09B,F0,9B,벌,U+BC8C,1,1,ㅂ,ㅓ,ㄹ,7,4,8,0x1C88,108,231,284,yes,translation-csv
91,F09C,F0,9C,범,U+BC94,1,1,ㅂ,ㅓ,ㅁ,7,4,16,0x1C90,108,231,292,yes,translation-csv
92,F09D,F0,9D,법,U+BC95,1,1,ㅂ,ㅓ,ㅂ,7,4,17,0x1C91,108,231,293,yes,translation-csv
93,F09E,F0,9E,부,U+BD80,2,2,ㅂ,ㅜ,,7,13,0,0x1DA0,48,196,,yes,translation-csv
94,F09F,F0,9F,분,U+BD84,2,2,ㅂ,ㅜ,ㄴ,7,13,4,0x1DA4,128,240,336,yes,translation-csv
95,F0A0,F0,A0,사,U+C0AC,6,6,ㅅ,ㅏ,,9,0,0,0x2400,10,183,,yes,translation-csv
96,F0A1,F0,A1,상,U+C0C1,1,1,ㅅ,ㅏ,ㅇ,9,0,21,0x2415,110,227,269,yes,translation-csv
97,F0A2,F0,A2,생,U+C0DD,2,2,ㅅ,ㅐ,ㅇ,9,1,21,0x2435,110,228,325,yes,translation-csv
98,F0A3,F0,A3,서,U+C11C,3,3,ㅅ,ㅓ,,9,4,0,0x2480,10,187,,yes,translation-csv
99,F0A4,F0,A4,석,U+C11D,1,1,ㅅ,ㅓ,ㄱ,9,4,1,0x2481,110,231,277,yes,translation-csv
100,F0A5,F0,A5,섬,U+C12C,1,1,ㅅ,ㅓ,ㅁ,9,4,16,0x2490,110,231,292,yes,translation-csv
101,F0A6,F0,A6,성,U+C131,3,3,ㅅ,ㅓ,ㅇ,9,4,21,0x2495,110,231,297,yes,translation-csv
102,F0A7,F0,A7,세,U+C138,1,1,ㅅ,ㅔ,,9,5,0,0x24A0,10,188,,yes,translation-csv
103,F0A8,F0,A8,소,U+C18C,1,1,ㅅ,ㅗ,,9,8,0,0x2500,30,191,,yes,translation-csv
104,F0A9,F0,A9,솔,U+C194,1,1,ㅅ,ㅗ,ㄹ,9,8,8,0x2508,130,235,340,yes,translation-csv
105,F0AA,F0,AA,수,U+C218,5,4,ㅅ,ㅜ,,9,13,0,0x25A0,50,196,,yes,translation-csv
106,F0AB,F0,AB,순,U+C21C,1,1,ㅅ,ㅜ,ㄴ,9,13,4,0x25A4,130,240,336,yes,translation-csv
107,F0AC,F0,AC,술,U+C220,1,1,ㅅ,ㅜ,ㄹ,9,13,8,0x25A8,130,240,340,yes,translation-csv
108,F0AD,F0,AD,스,U+C2A4,8,5,ㅅ,ㅡ,,9,18,0,0x2640,30,201,,yes,translation-csv
109,F0AE,F0,AE,승,U+C2B9,1,1,ㅅ,ㅡ,ㅇ,9,18,21,0x2655,130,245,353,yes,translation-csv
110,F0AF,F0,AF,시,U+C2DC,14,11,ㅅ,ㅣ,,9,20,0,0x2680,10,203,,yes,translation-csv
111,F0B0,F0,B0,신,U+C2E0,3,3,ㅅ,ㅣ,ㄴ,9,20,4,0x2684,110,247,280,yes,translation-csv
112,F0B1,F0,B1,실,U+C2E4,2,2,ㅅ,ㅣ,ㄹ,9,20,8,0x2688,110,247,284,yes,translation-csv
212,F158,F1,58,심,U+C2EC,1,1,ㅅ,ㅣ,ㅁ,9,20,16,0x2690,110,247,292,yes,translation-csv
113,F0B2,F0,B2,써,U+C368,1,1,ㅆ,ㅓ,,10,4,0,0x2880,11,187,,yes,translation-csv
114,F0B3,F0,B3,아,U+C544,3,3,ㅇ,ㅏ,,11,0,0,0x2C00,12,183,,yes,translation-csv
115,F0B4,F0,B4,악,U+C545,1,1,ㅇ,ㅏ,ㄱ,11,0,1,0x2C01,112,227,249,yes,translation-csv
116,F0B5,F0,B5,안,U+C548,1,1,ㅇ,ㅏ,ㄴ,11,0,4,0x2C04,112,227,252,yes,translation-csv
213,F159,F1,59,않,U+C54A,1,1,ㅇ,ㅏ,ㄶ,11,0,6,0x2C06,112,227,254,yes,translation-csv
214,F15A,F1,5A,았,U+C558,1,1,ㅇ,ㅏ,ㅆ,11,0,20,0x2C14,112,227,268,yes,translation-csv
117,F0B6,F0,B6,야,U+C57C,8,6,ㅇ,ㅑ,,11,2,0,0x2C40,12,185,,yes,translation-csv
118,F0B7,F0,B7,양,U+C591,1,1,ㅇ,ㅑ,ㅇ,11,2,21,0x2C55,112,229,269,yes,translation-csv
119,F0B8,F0,B8,어,U+C5B4,6,6,ㅇ,ㅓ,,11,4,0,0x2C80,12,187,,yes,translation-csv
120,F0B9,F0,B9,없,U+C5C6,2,2,ㅇ,ㅓ,ㅄ,11,4,18,0x2C92,112,231,294,yes,translation-csv
121,F0BA,F0,BA,었,U+C5C8,5,5,ㅇ,ㅓ,ㅆ,11,4,20,0x2C94,112,231,296,yes,translation-csv
122,F0BB,F0,BB,에,U+C5D0,10,9,ㅇ,ㅔ,,11,5,0,0x2CA0,12,188,,yes,translation-csv
3,F043,F0,43,역,U+C5ED,0,0,ㅇ,ㅕ,ㄱ,11,6,1,0x2CC1,112,233,277,yes,previous-table-retained
123,F0BC,F0,BC,였,U+C600,1,1,ㅇ,ㅕ,ㅆ,11,6,20,0x2CD4,112,233,296,yes,translation-csv
2,F042,F0,42,영,U+C601,1,1,ㅇ,ㅕ,ㅇ,11,6,21,0x2CD5,112,233,297,yes,translation-csv
124,F0BD,F0,BD,예,U+C608,1,1,ㅇ,ㅖ,,11,7,0,0x2CE0,12,190,,yes,translation-csv
125,F0BE,F0,BE,오,U+C624,3,3,ㅇ,ㅗ,,11,8,0,0x2D00,32,191,,yes,translation-csv
126,F0BF,F0,BF,와,U+C640,2,2,ㅇ,ㅘ,,11,9,0,0x2D20,72,192,,yes,translation-csv
127,F0C0,F0,C0,완,U+C644,1,1,ㅇ,ㅘ,ㄴ,11,9,4,0x2D24,152,236,252,yes,translation-csv
128,F0C1,F0,C1,외,U+C678,1,1,ㅇ,ㅚ,,11,11,0,0x2D60,72,194,,yes,translation-csv
129,F0C2,F0,C2,요,U+C694,5,5,ㅇ,ㅛ,,11,12,0,0x2D80,32,195,,yes,translation-csv
130,F0C3,F0,C3,용,U+C6A9,2,2,ㅇ,ㅛ,ㅇ,11,12,21,0x2D95,132,239,353,yes,translation-csv
131,F0C4,F0,C4,우,U+C6B0,1,1,ㅇ,ㅜ,,11,13,0,0x2DA0,52,196,,yes,translation-csv
132,F0C5,F0,C5,욱,U+C6B1,1,1,ㅇ,ㅜ,ㄱ,11,13,1,0x2DA1,132,240,333,yes,translation-csv
133,F0C6,F0,C6,워,U+C6CC,1,1,ㅇ,ㅝ,,11,14,0,0x2DC0,92,197,,yes,translation-csv
134,F0C7,F0,C7,원,U+C6D0,3,2,ㅇ,ㅝ,ㄴ,11,14,4,0x2DC4,152,241,280,yes,translation-csv
135,F0C8,F0,C8,웨,U+C6E8,2,2,ㅇ,ㅞ,,11,15,0,0x2DE0,92,198,,yes,translation-csv
136,F0C9,F0,C9,위,U+C704,2,2,ㅇ,ㅟ,,11,16,0,0x2E00,92,199,,yes,translation-csv
137,F0CA,F0,CA,유,U+C720,7,7,ㅇ,ㅠ,,11,17,0,0x2E20,52,200,,yes,translation-csv
138,F0CB,F0,CB,율,U+C728,1,1,ㅇ,ㅠ,ㄹ,11,17,8,0x2E28,132,244,340,yes,translation-csv
139,F0CC,F0,CC,으,U+C73C,4,3,ㅇ,ㅡ,,11,18,0,0x2E40,32,201,,yes,translation-csv
140,F0CD,F0,CD,은,U+C740,2,2,ㅇ,ㅡ,ㄴ,11,18,4,0x2E44,132,245,336,yes,translation-csv
141,F0CE,F0,CE,을,U+C744,5,5,ㅇ,ㅡ,ㄹ,11,18,8,0x2E48,132,245,340,yes,translation-csv
142,F0CF,F0,CF,음,U+C74C,2,2,ㅇ,ㅡ,ㅁ,11,18,16,0x2E50,132,245,348,yes,translation-csv
143,F0D0,F0,D0,의,U+C758,9,9,ㅇ,ㅢ,,11,19,0,0x2E60,72,202,,yes,translation-csv
144,F0D1,F0,D1,이,U+C774,21,18,ㅇ,ㅣ,,11,20,0,0x2E80,12,203,,yes,translation-csv
145,F0D2,F0,D2,인,U+C778,10,8,ㅇ,ㅣ,ㄴ,11,20,4,0x2E84,112,247,280,yes,translation-csv
146,F0D3,F0,D3,일,U+C77C,1,1,ㅇ,ㅣ,ㄹ,11,20,8,0x2E88,112,247,284,yes,translation-csv
147,F0D4,F0,D4,있,U+C788,4,4,ㅇ,ㅣ,ㅆ,11,20,20,0x2E94,112,247,296,yes,translation-csv
148,F0D5,F0,D5,자,U+C790,6,6,ㅈ,ㅏ,,12,0,0,0x3000,13,183,,yes,translation-csv
149,F0D6,F0,D6,작,U+C791,6,4,ㅈ,ㅏ,ㄱ,12,0,1,0x3001,113,227,249,yes,translation-csv
150,F0D7,F0,D7,재,U+C7AC,1,1,ㅈ,ㅐ,,12,1,0,0x3020,13,184,,yes,translation-csv
151,F0D8,F0,D8,저,U+C800,3,3,ㅈ,ㅓ,,12,4,0,0x3080,13,187,,yes,translation-csv
152,F0D9,F0,D9,적,U+C801,3,3,ㅈ,ㅓ,ㄱ,12,4,1,0x3081,113,231,277,yes,translation-csv
153,F0DA,F0,DA,전,U+C804,2,2,ㅈ,ㅓ,ㄴ,12,4,4,0x3084,113,231,280,yes,translation-csv
154,F0DB,F0,DB,정,U+C815,5,5,ㅈ,ㅓ,ㅇ,12,4,21,0x3095,113,231,297,yes,translation-csv
155,F0DC,F0,DC,제,U+C81C,4,4,ㅈ,ㅔ,,12,5,0,0x30A0,13,188,,yes,translation-csv
215,F15B,F1,5B,져,U+C838,1,1,ㅈ,ㅕ,,12,6,0,0x30C0,13,189,,yes,translation-csv
156,F0DD,F0,DD,조,U+C870,3,3,ㅈ,ㅗ,,12,8,0,0x3100,33,191,,yes,translation-csv
157,F0DE,F0,DE,주,U+C8FC,1,1,ㅈ,ㅜ,,12,13,0,0x31A0,53,196,,yes,translation-csv
216,F15C,F1,5C,줄,U+C904,1,1,ㅈ,ㅜ,ㄹ,12,13,8,0x31A8,133,240,340,yes,translation-csv
158,F0DF,F0,DF,즈,U+C988,1,1,ㅈ,ㅡ,,12,18,0,0x3240,33,201,,yes,translation-csv
159,F0E0,F0,E0,지,U+C9C0,11,11,ㅈ,ㅣ,,12,20,0,0x3280,13,203,,yes,translation-csv
160,F0E1,F0,E1,직,U+C9C1,1,1,ㅈ,ㅣ,ㄱ,12,20,1,0x3281,113,247,277,yes,translation-csv
161,F0E2,F0,E2,진,U+C9C4,3,3,ㅈ,ㅣ,ㄴ,12,20,4,0x3284,113,247,280,yes,translation-csv
162,F0E3,F0,E3,질,U+C9C8,0,0,ㅈ,ㅣ,ㄹ,12,20,8,0x3288,113,247,284,yes,previous-table-retained
163,F0E4,F0,E4,집,U+C9D1,1,1,ㅈ,ㅣ,ㅂ,12,20,17,0x3291,113,247,293,yes,translation-csv
164,F0E5,F0,E5,차,U+CC28,2,2,ㅊ,ㅏ,,14,0,0,0x3800,15,183,,yes,translation-csv
165,F0E6,F0,E6,청,U+CCAD,1,1,ㅊ,ㅓ,ㅇ,14,4,21,0x3895,115,231,297,yes,translation-csv
166,F0E7,F0,E7,쳐,U+CCD0,1,1,ㅊ,ㅕ,,14,6,0,0x38C0,15,189,,yes,translation-csv
167,F0E8,F0,E8,최,U+CD5C,3,3,ㅊ,ㅚ,,14,11,0,0x3960,75,194,,yes,translation-csv
168,F0E9,F0,E9,추,U+CD94,2,2,ㅊ,ㅜ,,14,13,0,0x39A0,55,196,,yes,translation-csv
169,F0EA,F0,EA,출,U+CD9C,1,1,ㅊ,ㅜ,ㄹ,14,13,8,0x39A8,135,240,340,yes,translation-csv
170,F0EB,F0,EB,츠,U+CE20,2,2,ㅊ,ㅡ,,14,18,0,0x3A40,35,201,,yes,translation-csv
171,F0EC,F0,EC,치,U+CE58,3,3,ㅊ,ㅣ,,14,20,0,0x3A80,15,203,,yes,translation-csv
172,F0ED,F0,ED,카,U+CE74,8,8,ㅋ,ㅏ,,15,0,0,0x3C00,16,161,,yes,translation-csv
173,F0EE,F0,EE,컴,U+CEF4,1,1,ㅋ,ㅓ,ㅁ,15,4,16,0x3C90,116,209,292,yes,translation-csv
174,F0EF,F0,EF,케,U+CF00,1,1,ㅋ,ㅔ,,15,5,0,0x3CA0,16,166,,yes,translation-csv
175,F0F0,F0,F0,쿠,U+CFE0,1,1,ㅋ,ㅜ,,15,13,0,0x3DA0,56,174,,yes,translation-csv
176,F0F1,F0,F1,크,U+D06C,1,1,ㅋ,ㅡ,,15,18,0,0x3E40,36,179,,yes,translation-csv
177,F0F2,F0,F2,키,U+D0A4,6,6,ㅋ,ㅣ,,15,20,0,0x3E80,16,181,,yes,translation-csv
178,F0F3,F0,F3,타,U+D0C0,5,5,ㅌ,ㅏ,,16,0,0,0x4000,17,183,,yes,translation-csv
179,F0F4,F0,F4,탄,U+D0C4,2,2,ㅌ,ㅏ,ㄴ,16,0,4,0x4004,117,227,252,yes,translation-csv
180,F0F5,F0,F5,탑,U+D0D1,1,1,ㅌ,ㅏ,ㅂ,16,0,17,0x4011,117,227,265,yes,translation-csv
181,F0F6,F0,F6,태,U+D0DC,1,1,ㅌ,ㅐ,,16,1,0,0x4020,17,184,,yes,translation-csv
182,F0F7,F0,F7,터,U+D130,2,2,ㅌ,ㅓ,,16,4,0,0x4080,17,187,,yes,translation-csv
183,F0F8,F0,F8,토,U+D1A0,5,5,ㅌ,ㅗ,,16,8,0,0x4100,37,191,,yes,translation-csv
184,F0F9,F0,F9,통,U+D1B5,2,2,ㅌ,ㅗ,ㅇ,16,8,21,0x4115,137,235,353,yes,translation-csv
185,F0FA,F0,FA,트,U+D2B8,1,1,ㅌ,ㅡ,,16,18,0,0x4240,37,201,,yes,translation-csv
186,F0FB,F0,FB,파,U+D30C,1,1,ㅍ,ㅏ,,17,0,0,0x4400,18,183,,yes,translation-csv
187,F0FC,F0,FC,패,U+D328,1,1,ㅍ,ㅐ,,17,1,0,0x4420,18,184,,yes,translation-csv
188,F140,F1,40,품,U+D488,1,1,ㅍ,ㅜ,ㅁ,17,13,16,0x45B0,138,240,348,yes,translation-csv
189,F141,F1,41,퓨,U+D4E8,1,1,ㅍ,ㅠ,,17,17,0,0x4620,58,200,,yes,translation-csv
190,F142,F1,42,프,U+D504,1,1,ㅍ,ㅡ,,17,18,0,0x4640,38,201,,yes,translation-csv
191,F143,F1,43,픽,U+D53D,1,1,ㅍ,ㅣ,ㄱ,17,20,1,0x4681,118,247,277,yes,translation-csv
192,F144,F1,44,필,U+D544,1,1,ㅍ,ㅣ,ㄹ,17,20,8,0x4688,118,247,284,yes,translation-csv
193,F145,F1,45,하,U+D558,5,5,ㅎ,ㅏ,,18,0,0,0x4800,19,183,,yes,translation-csv
194,F146,F1,46,한,U+D55C,7,7,ㅎ,ㅏ,ㄴ,18,0,4,0x4804,119,227,252,yes,translation-csv
195,F147,F1,47,할,U+D560,3,3,ㅎ,ㅏ,ㄹ,18,0,8,0x4808,119,227,256,yes,translation-csv
196,F148,F1,48,함,U+D568,1,1,ㅎ,ㅏ,ㅁ,18,0,16,0x4810,119,227,264,yes,translation-csv
197,F149,F1,49,항,U+D56D,4,4,ㅎ,ㅏ,ㅇ,18,0,21,0x4815,119,227,269,yes,translation-csv
198,F14A,F1,4A,해,U+D574,4,4,ㅎ,ㅐ,,18,1,0,0x4820,19,184,,yes,translation-csv
199,F14B,F1,4B,했,U+D588,5,5,ㅎ,ㅐ,ㅆ,18,1,20,0x4834,119,228,324,yes,translation-csv
217,F15D,F1,5D,행,U+D589,1,1,ㅎ,ㅐ,ㅇ,18,1,21,0x4835,119,228,325,yes,translation-csv
200,F14C,F1,4C,협,U+D611,2,2,ㅎ,ㅕ,ㅂ,18,6,17,0x48D1,119,233,293,yes,translation-csv
201,F14D,F1,4D,형,U+D615,4,4,ㅎ,ㅕ,ㅇ,18,6,21,0x48D5,119,233,297,yes,translation-csv
202,F14E,F1,4E,혹,U+D639,1,1,ㅎ,ㅗ,ㄱ,18,8,1,0x4901,139,235,333,yes,translation-csv
203,F14F,F1,4F,화,U+D654,2,2,ㅎ,ㅘ,,18,9,0,0x4920,79,192,,yes,translation-csv
204,F150,F1,50,확,U+D655,1,1,ㅎ,ㅘ,ㄱ,18,9,1,0x4921,159,236,249,yes,translation-csv
0,F040,F0,40,활,U+D65C,1,1,ㅎ,ㅘ,ㄹ,18,9,8,0x4928,159,236,256,yes,translation-csv
205,F151,F1,51,황,U+D669,1,1,ㅎ,ㅘ,ㅇ,18,9,21,0x4935,159,236,269,yes,translation-csv
206,F152,F1,52,획,U+D68D,1,1,ㅎ,ㅚ,ㄱ,18,11,1,0x4961,159,238,277,yes,translation-csv
207,F153,F1,53,효,U+D6A8,1,1,ㅎ,ㅛ,,18,12,0,0x4980,39,195,,yes,translation-csv
208,F154,F1,54,후,U+D6C4,1,1,ㅎ,ㅜ,,18,13,0,0x49A0,59,196,,yes,translation-csv
209,F155,F1,55,히,U+D788,4,3,ㅎ,ㅣ,,18,20,0,0x4A80,19,203,,yes,translation-csv
